-- MySQL dump 10.13  Distrib 8.0.34, for Linux (x86_64)
--
-- Host: localhost    Database: boom
-- ------------------------------------------------------
-- Server version	8.0.34-0ubuntu0.20.04.1

/*!40101 SET @OLD_CHARACTER_SET_CLIENT=@@CHARACTER_SET_CLIENT */;
/*!40101 SET @OLD_CHARACTER_SET_RESULTS=@@CHARACTER_SET_RESULTS */;
/*!40101 SET @OLD_COLLATION_CONNECTION=@@COLLATION_CONNECTION */;
/*!50503 SET NAMES utf8mb4 */;
/*!40103 SET @OLD_TIME_ZONE=@@TIME_ZONE */;
/*!40103 SET TIME_ZONE='+00:00' */;
/*!40014 SET @OLD_UNIQUE_CHECKS=@@UNIQUE_CHECKS, UNIQUE_CHECKS=0 */;
/*!40014 SET @OLD_FOREIGN_KEY_CHECKS=@@FOREIGN_KEY_CHECKS, FOREIGN_KEY_CHECKS=0 */;
/*!40101 SET @OLD_SQL_MODE=@@SQL_MODE, SQL_MODE='NO_AUTO_VALUE_ON_ZERO' */;
/*!40111 SET @OLD_SQL_NOTES=@@SQL_NOTES, SQL_NOTES=0 */;

--
-- Table structure for table `assets`
--

DROP TABLE IF EXISTS `assets`;
/*!40101 SET @saved_cs_client     = @@character_set_client */;
/*!50503 SET character_set_client = utf8mb4 */;
CREATE TABLE `assets` (
  `id` int unsigned NOT NULL AUTO_INCREMENT,
  `name` varchar(1000) NOT NULL,
  `pic` varchar(250) DEFAULT NULL,
  `mode` enum('FULL','HALF','2/3','1/3') NOT NULL,
  `create_pic` varchar(250) DEFAULT NULL,
  `view_index` int unsigned NOT NULL,
  `super_id` int NOT NULL DEFAULT '-1',
  `hidden` tinyint(1) NOT NULL DEFAULT '0',
  PRIMARY KEY (`id`)
) ENGINE=InnoDB AUTO_INCREMENT=4 DEFAULT CHARSET=utf8mb3;
/*!40101 SET character_set_client = @saved_cs_client */;

--
-- Dumping data for table `assets`
--

LOCK TABLES `assets` WRITE;
/*!40000 ALTER TABLE `assets` DISABLE KEYS */;
INSERT INTO `assets` VALUES (1,'اقامتگاه','3.png','FULL','3.png',2,-1,0),(2,'صنایع دستی','4.png','FULL','4.png',1,-1,0),(3,'اتاق',NULL,'FULL',NULL,0,1,0);
/*!40000 ALTER TABLE `assets` ENABLE KEYS */;
UNLOCK TABLES;

--
-- Table structure for table `form_fields`
--

DROP TABLE IF EXISTS `form_fields`;
/*!40101 SET @saved_cs_client     = @@character_set_client */;
/*!50503 SET character_set_client = utf8mb4 */;
CREATE TABLE `form_fields` (
  `id` int unsigned NOT NULL AUTO_INCREMENT,
  `name` varchar(1000) NOT NULL,
  `necessary` tinyint(1) NOT NULL DEFAULT '1',
  `help` varchar(1000) DEFAULT NULL,
  `force_help` varchar(1000) DEFAULT NULL,
  `placeholder` varchar(1000) DEFAULT NULL,
  `type` enum('INT','STRING','CHECKBOX','RADIO','REDIRECTOR','CALENDAR','FILE','LISTVIEW','SELECT','GALLERY','MAP','TIME','FLOAT','API','TEXTAREA','CKEDITOR') NOT NULL,
  `limitation` varchar(1000) DEFAULT NULL,
  `form_id` int unsigned NOT NULL,
  `presenter` tinyint(1) NOT NULL DEFAULT '0',
  `rtl` tinyint(1) NOT NULL DEFAULT '1',
  `options` varchar(1000) DEFAULT NULL,
  `half` tinyint(1) NOT NULL DEFAULT '0',
  `multiple` tinyint(1) NOT NULL DEFAULT '0',
  `err` varchar(300) DEFAULT NULL,
  `key_` varchar(200) DEFAULT NULL,
  PRIMARY KEY (`id`),
  KEY `name` (`name`),
  KEY `form_id` (`form_id`)
) ENGINE=InnoDB AUTO_INCREMENT=420 DEFAULT CHARSET=utf8mb3;
/*!40101 SET character_set_client = @saved_cs_client */;

--
-- Dumping data for table `form_fields`
--

LOCK TABLES `form_fields` WRITE;
/*!40000 ALTER TABLE `form_fields` DISABLE KEYS */;
INSERT INTO `form_fields` VALUES (1,'نام',1,NULL,NULL,NULL,'STRING',NULL,2,0,1,NULL,0,0,NULL,NULL),(2,'نام خانوادگی',1,NULL,NULL,NULL,'STRING',NULL,2,0,1,NULL,0,0,NULL,NULL),(3,'تاریخ تولد',1,NULL,NULL,'----/--/--','CALENDAR','',2,0,0,NULL,0,0,NULL,NULL),(4,'نام اتاق',1,'','','','STRING',NULL,4,1,1,NULL,0,0,NULL,NULL),(5,'عنوان',1,'','این مورد همه جا نشان داده می شود','لطفا عنوان اقامتگاه خود را وارد نمایید','STRING','',1,0,1,NULL,1,0,NULL,NULL),(6,'تصویر شاخص',1,'','','','FILE','',1,0,1,NULL,1,0,NULL,NULL),(7,'ساعت ورود',1,NULL,'تست هلپ','00:00','TIME',NULL,5,1,0,NULL,1,0,NULL,'arrivalTime'),(8,'ساعت خروج',1,NULL,NULL,'00:00','TIME',NULL,5,1,0,NULL,1,0,NULL,'exitTime'),(11,'اقامتگاه ها',0,'','','','LISTVIEW','',6,0,1,'sub_3',0,0,NULL,NULL),(12,'اضافه کردن اتاق',0,'','','','REDIRECTOR','',6,0,1,'form_4',0,0,NULL,NULL),(13,'تصویر اتاق',1,'','','','GALLERY',NULL,4,1,1,NULL,0,0,NULL,NULL),(30,'جنسیت',1,'','','','RADIO',NULL,2,0,1,'آقا_خانم',0,0,NULL,NULL),(31,'تلفن',1,NULL,NULL,'09xx xxxxxxx','INT','1:11',2,0,0,NULL,0,0,'شماره همراه وارد شده نامعتبر است.',NULL),(32,'کد ملی',1,'','','','INT','1:10_9:1',2,0,0,NULL,0,0,'کد ملی وارد شده نامعتبر است',NULL),(34,'نام اقامتگاه',1,'لطفا نام اقامتگاه خود را وارد نمایید.',NULL,NULL,'STRING',NULL,3,0,1,NULL,0,0,NULL,NULL),(35,'آدرس دسترسی',1,NULL,'آدرس را به گونه‌ای وارد نمایید تا مهمانان شما به راحتی بتوانند آن را بیایند.',NULL,'TEXTAREA',NULL,3,1,1,NULL,0,0,NULL,'address'),(40,'تعداد اتاق',1,NULL,NULL,NULL,'INT',NULL,5,1,0,NULL,1,0,NULL,'roomCount'),(41,'تعداد طبقه',1,NULL,NULL,NULL,'INT',NULL,5,1,0,NULL,1,0,NULL,'stairCount'),(42,'متراز (متر مربع)',1,'','','','FLOAT','',5,0,0,NULL,0,0,NULL,NULL),(43,'نوع آب و هوا',1,NULL,'انتخاب یک یا چند گزینه',NULL,'CHECKBOX',NULL,5,1,1,'گرم_سرد_معتدل_مرطوب_خشک',1,0,NULL,'feature_weather'),(44,'چشم انداز',0,NULL,NULL,NULL,'CHECKBOX',NULL,5,1,1,'دریا_دریاچه_جنگل_کوه_دشت_شهر_روستا_رو دخانه_کوهپایه',1,0,NULL,'feature_attraction'),(45,'شهر',1,NULL,NULL,NULL,'API',NULL,3,1,1,'https://koochita.com/android',1,0,'شهر خود را از میان گزینه های موجود باید انتخاب نمایید.','city'),(144,'انتخاب از روی نقشه',1,NULL,NULL,NULL,'MAP',NULL,3,1,1,NULL,1,0,NULL,'geo'),(366,'تلفن تماس',1,NULL,'تلفن تماس را با ذکر پیش شماره وارد نمایید و هر شماره را در یک خط وارد نمایید',NULL,'INT',NULL,3,1,1,NULL,0,1,NULL,'tel'),(377,'آدرس ایمیل',0,'','',NULL,'STRING','9:2',3,0,0,NULL,0,0,NULL,NULL),(388,'آدرس وب سایت',0,NULL,NULL,NULL,'STRING',NULL,3,1,0,NULL,0,0,NULL,'site'),(399,'آدرس پیج اینستاگرام',0,'','',NULL,'STRING','',3,0,0,NULL,0,0,NULL,NULL),(400,'توضیحات اتاق',0,'','','','TEXTAREA',NULL,4,1,1,NULL,0,0,'',NULL),(401,'تعداد اتاق',1,'','','','INT',NULL,4,1,1,NULL,1,0,'',NULL),(402,'توضیحات اقامتگاه',1,NULL,NULL,NULL,'CKEDITOR',NULL,8,1,1,NULL,0,0,NULL,'description'),(403,'محدوده قرار گیری',1,NULL,NULL,NULL,'RADIO',NULL,5,1,1,'داخل شهر_روستا_حومه شهر_ داخل شهرک_طبیعت',1,0,NULL,'feature_location'),(404,'معماری',1,NULL,NULL,NULL,'RADIO',NULL,5,1,1,'مدرن_سنتی _قدیمی_معمولی',1,0,NULL,'feature_architecture'),(405,'فضای خصوصی',1,NULL,NULL,NULL,'RADIO',NULL,5,0,0,'دارای سرایدار_همراه با میزبان_کامالاختصاص',1,0,NULL,'feature_privatespace'),(406,'امکانات مشاعات',1,NULL,NULL,NULL,'CHECKBOX',NULL,5,1,0,'حیاط_فضای سبز _پارکینگ_آالاچیق_آب نما_حوض',1,0,NULL,'feature_common'),(407,'امکانات تفریحی',1,NULL,NULL,NULL,'CHECKBOX',NULL,5,1,1,'زمین بازی کودکان_ زمین فوتبال_ زمین تنیس_ زمین والیبال_ تور\nبسکتبال_ میز فوتبال دستی _ میز بیلیارد_ میز پینگ پونگ_ تخته نرد _ شطرنچ _ منقل_چای\nآتش_رستوران_ کافی شاپ _جکوزی_استخر روباز_استخر سرپوشیده_صندلی ماساژور',0,0,NULL,'feature_entertainment'),(408,'امکانات ارتباطی',1,NULL,NULL,NULL,'CHECKBOX',NULL,5,1,1,'آنتن دهی موبایل_ آنتن دهی اینترنت موبایل_اینترنت مجانی_اینترنت\nشامل هزینه',1,0,NULL,'feature_communication'),(409,'دسترس پذیری',1,NULL,NULL,NULL,'CHECKBOX',NULL,5,1,1,'دارای پله_بدون پله_آسانسور',1,0,NULL,'feature_accessibility'),(410,'امکانات جانبی',1,NULL,NULL,NULL,'CHECKBOX',NULL,5,1,1,'تراس_ سرویس فرنگی_ سرویس ایرانی _حمام_آشپزخانه',1,0,NULL,'additionalـfeature'),(411,'امکانات رفاهی',1,NULL,NULL,NULL,'CHECKBOX',NULL,5,1,1,'مبلمان_ کمد_ کابینت_ میز_ تلویزیون_ سیستم صوتی_ شومینه_ سیستم\nگرمایش (کرسی، شوفاز، بخاری)_ سیستم سرمایشی(کولر آبی، کولر گازی ، پنکه) _\nصندلی_ ماشین لباس شوی _ ماشین ظرف شویی _ حوض_ اجاق گاز_ ظروف آشپزخانه _\nاتو،_ چای ساز_ قهوه ساز_ آب آشامیدنی شیر',0,0,NULL,'welfareـfeature'),(412,'محدودیت ها',1,NULL,NULL,NULL,'CHECKBOX',NULL,5,1,1,'حیوانات خانگی _دخانیات_ کفش _مهمانی',1,0,NULL,'feature_limitation'),(413,'فاصله از ایستگاه اتوبوس بین شهری',1,NULL,NULL,NULL,'INT',NULL,5,1,0,NULL,0,0,NULL,'feature_bus_destination'),(414,'فاصله از فرودگاه',1,NULL,NULL,NULL,'INT',NULL,5,1,1,NULL,0,0,NULL,'feature_airport_destination'),(419,'فاصله تا راه آهن',1,NULL,NULL,NULL,'INT',NULL,5,1,1,NULL,1,0,NULL,'feature_train_destination');
/*!40000 ALTER TABLE `form_fields` ENABLE KEYS */;
UNLOCK TABLES;

--
-- Table structure for table `forms`
--

DROP TABLE IF EXISTS `forms`;
/*!40101 SET @saved_cs_client     = @@character_set_client */;
/*!50503 SET character_set_client = utf8mb4 */;
CREATE TABLE `forms` (
  `id` int unsigned NOT NULL AUTO_INCREMENT,
  `name` varchar(1000) NOT NULL,
  `description` text,
  `notice` varchar(1000) DEFAULT NULL,
  `step` int NOT NULL,
  `asset_id` int unsigned NOT NULL,
  PRIMARY KEY (`id`),
  KEY `asset_id` (`asset_id`)
) ENGINE=InnoDB AUTO_INCREMENT=9 DEFAULT CHARSET=utf8mb3;
/*!40101 SET character_set_client = @saved_cs_client */;

--
-- Dumping data for table `forms`
--

LOCK TABLES `forms` WRITE;
/*!40000 ALTER TABLE `forms` DISABLE KEYS */;
INSERT INTO `forms` VALUES (1,'گام نخست: اطلاعات کلی','این اطلاعات جهت نمایش به کار می رود','این یک متن تست است',1,1),(2,'گام دوم: اطلاعات  مالک','برای اولین بار نیاز است  اطلاعات خود را به عنوان صاحب کسب و کار وارد \r\nنمایید.','این اطلاعات می‌بایست با مجوزهای قانونی شما یکسان باشد ',2,1),(3,'مرحله سوم - اطلاعات کسب و کار','در این قسمت اطلاعات مربوط به اقامتگاه بوم‌گردی خود را توضیح دهید. ارایه اطلاعات جامع به شناسایی کسب و کار شما توسط کاربران کمک خواهد نمود.','این اطلاعات می‌بایست با کسب و کار شما یکسان باشد ',3,1),(4,'اتاق خود را ایجاد کنید',NULL,' همچنین می توانید با این دکمه امکانات اتاق های دیگران تان را در اینجا کپی کنید',1,3),(5,'مرحله چهارم - اطلاعات کسب و کار','در این قسمت اطلاعات تکمیلی و ویژگی‌های اقامتگاه خود را وارد نمایید.','این اطلاعات می‌بایست بر اساس واقعیت باشد ',4,1),(6,'مرحله ششم - معرفی اتاق‌ها','در این قسمت اتاق های اقامتگاه خود را معرفی نمایید','تفاوت اتاق‌ها ناشی از تفاوت در قیمت، ظرفیت و یا امکانات می‌باشد. اگر اتاق های شما از این حیث متفاوت باشند به ازای هر کدام یک اتاق تعریف نمایید و اگر نه پس از تعریف اتاق از قسمت تعداد، تعداد آن را مشخص نمایید.',6,1),(7,'گام نخست: اطلاعات کلی','این اطلاعات جهت نمایش به کار می رود',NULL,1,2),(8,'مرحله پنجم - معرفی اقامتگاه','این اطلاعات جهت اطلاع کاربر به کار برده می شود.','لطفا این فرم را با دقت پر نمایید',5,1);
/*!40000 ALTER TABLE `forms` ENABLE KEYS */;
UNLOCK TABLES;

--
-- Table structure for table `images`
--

DROP TABLE IF EXISTS `images`;
/*!40101 SET @saved_cs_client     = @@character_set_client */;
/*!50503 SET character_set_client = utf8mb4 */;
CREATE TABLE `images` (
  `id` int unsigned NOT NULL AUTO_INCREMENT,
  `path` varchar(300) NOT NULL,
  `name` varchar(500) DEFAULT NULL,
  `description` longtext,
  `created_at` timestamp NOT NULL DEFAULT CURRENT_TIMESTAMP,
  `updated_at` timestamp NOT NULL DEFAULT CURRENT_TIMESTAMP,
  PRIMARY KEY (`id`)
) ENGINE=InnoDB AUTO_INCREMENT=189 DEFAULT CHARSET=utf8mb3;
/*!40101 SET character_set_client = @saved_cs_client */;

--
-- Dumping data for table `images`
--

LOCK TABLES `images` WRITE;
/*!40000 ALTER TABLE `images` DISABLE KEYS */;
INSERT INTO `images` VALUES (54,'A1FPXRd8ul2FMjU7FQQYPK9sfkxYPeP5TvBTqfzm.jpg',NULL,NULL,'2023-06-18 01:47:56','2023-06-18 01:47:56'),(56,'aFal0LP82X4XlLouv5OR2tPzz1Aw5yzl7glOLSJ6.png',NULL,NULL,'2023-06-18 02:00:10','2023-06-18 02:00:10'),(57,'th1TyB3LH9PZhrpTQ1YabeYKVaFoCRQSkACw71Zp.png',NULL,NULL,'2023-06-18 02:00:42','2023-06-18 02:00:42'),(59,'RdgFFvM2Djn84hbOlk2xqTRqpJ8w7E2mbSP2BOgI.jpg',NULL,NULL,'2023-06-18 05:21:48','2023-06-18 05:21:48'),(60,'Se0KyU1dBlZVHyvoO5W44XIHQ2BwIyxq5FivPvw3.jpg',NULL,NULL,'2023-06-18 05:21:49','2023-06-18 05:21:49'),(61,'6IJKzQa3hU56NpEC2KWmUlT2ubhyfH5IO8YGeb5t.jpg',NULL,NULL,'2023-06-18 05:21:49','2023-06-18 05:21:49'),(62,'8yrDrLzwQmioHSqmiZCgZAbnVtEwwNqXBS2lu8I0.jpg',NULL,NULL,'2023-06-18 05:21:50','2023-06-18 05:21:50'),(63,'6wf5lDcKwydlORMU8eBKsv3O6u1gHPR7Aoe3lNJB.jpg',NULL,NULL,'2023-06-18 05:21:50','2023-06-18 05:21:50'),(64,'oXrIWqkRnyPXv6hd9apo6LMJcM2HhUHPmUfQJWEZ.jpg',NULL,NULL,'2023-06-18 05:26:48','2023-06-18 05:26:48'),(65,'bEHPsdJ8n5XNtCKj7a13UiEWkHIxRwwnJP8qgdQy.jpg',NULL,NULL,'2023-06-18 05:27:47','2023-06-18 05:27:47'),(66,'8EBDwljTbBevYD2Qxg9aNww3GAoMGm8x0GTiQqDh.jpg',NULL,NULL,'2023-06-18 05:30:20','2023-06-18 05:30:20'),(67,'oskjcvhhF8T9C5SKrXwzDSc0uJgUPoefTmvcF5sY.jpg',NULL,NULL,'2023-06-18 05:32:21','2023-06-18 05:32:21'),(68,'CZvIaaPuZmhNo1OVkzQfgwYj2bzDzOXWBu3HVgHX.jpg',NULL,NULL,'2023-06-18 05:33:12','2023-06-18 05:33:12'),(69,'O44szoM8rDy8dOy5WlhH5lhqsnIbrXYU6XAYGxDU.jpg',NULL,NULL,'2023-06-18 05:34:48','2023-06-18 05:34:48'),(70,'ohiEJsHI6NfnIb9WTMxXEmRyI597MHBwuiSaVYqF.jpg',NULL,NULL,'2023-06-18 06:19:37','2023-06-18 06:19:37'),(71,'JcAJuA9kkK4bUZSVGhSbVFD8eppZ46zPM7WfCZR5.jpg',NULL,NULL,'2023-06-18 06:36:08','2023-06-18 06:36:08'),(72,'93JT2era70RePR9TOB3Nt1226CMnsD9TwVL1Qmn5.png',NULL,NULL,'2023-06-18 06:37:40','2023-06-18 06:37:40'),(73,'9rbLdi10iJMMa9Ff8MxhO8sQ2nUDauLAIzc8Skam.jpg',NULL,NULL,'2023-06-18 06:42:12','2023-06-18 06:42:12'),(74,'NlYnizKuHfZBl3PkzxjO9fTqh4eaD8QjHbq3rt99.png',NULL,NULL,'2023-06-18 06:52:33','2023-06-18 06:52:33'),(75,'1MDZYJE8KIdIPoH5lBlEm9Ip33MmsainYm4Z63wr.jpg',NULL,NULL,'2023-06-18 06:55:04','2023-06-18 06:55:04'),(76,'9bKo7mVPfJihg0t9AroiwYhF44c0484AMEd3wkbq.png',NULL,NULL,'2023-06-18 06:58:33','2023-06-18 06:58:33'),(77,'wUiDXRwn9FYLHB869vPK6OjEg28XX30bEZ2fOlc3.jpg',NULL,NULL,'2023-06-18 06:59:21','2023-06-18 06:59:21'),(78,'U3PAXzlpDv2PGfGrWB72yfZskOD2u4YNgNtCXl1m.png',NULL,NULL,'2023-06-18 07:15:34','2023-06-18 07:15:34'),(79,'GaqMJSgjTIQuPvKY2OuBuvNaZcSGSjHaSHfItLrO.jpg',NULL,NULL,'2023-06-21 01:01:28','2023-06-21 01:01:28'),(80,'x4y20DWwLwNHejAHjRI3KkgPMeRvXVO7LIgsEIsx.png',NULL,NULL,'2023-06-21 01:04:31','2023-06-21 01:04:31'),(81,'nsC3LtlFGGbQ4W3K5fiIRwFglNvbs3goZ5K8sBbk.jpg',NULL,NULL,'2023-06-21 01:06:00','2023-06-21 01:06:00'),(82,'FIXwyHSr4dYn8jdfOTqYrUGr0Im7vbPn5Jbuk7HI.jpg',NULL,NULL,'2023-06-21 01:10:03','2023-06-21 01:10:03'),(83,'NZhCnHvGI5dSzoWFoktmwVSaz0jaPgqYyQXQipGW.png',NULL,NULL,'2023-06-21 01:12:12','2023-06-21 01:12:12'),(84,'zZw6OhgzgpniAVzRR1nRsKmd3jemZmOcHsxPWrsd.jpg',NULL,NULL,'2023-06-21 01:16:22','2023-06-21 01:16:22'),(85,'32cd0XwUcxafoWnFumWwACfv50eaXxbh87T06K1d.jpg',NULL,NULL,'2023-06-21 01:18:26','2023-06-21 01:18:26'),(86,'9C1i3HlzJdtjWXhFWvgjEPDWD7V1XC6sgPTX8beC.jpg',NULL,NULL,'2023-06-21 01:19:34','2023-06-21 01:19:34'),(87,'SwclkeWJxyiTApdGpf6TbfUbOc2fGzxiQZvy8bh7.jpg',NULL,NULL,'2023-06-21 01:31:38','2023-06-21 01:31:38'),(88,'q7yoMfPdzzUd1f4WfqTHqCj5ETp3HzRFheLlqg26.jpg',NULL,NULL,'2023-06-21 01:40:57','2023-06-21 01:40:57'),(89,'aP6S9PcFQFUYPJyPUBiiokuWWiJfinORaAMOsS2H.jpg',NULL,NULL,'2023-06-21 02:37:02','2023-06-21 02:37:02'),(90,'4D8RWeqIMi6z117c9TZWyhSNVtAJOKqtYlwaTtCL.jpg',NULL,NULL,'2023-06-21 02:39:05','2023-06-21 02:39:05'),(91,'spT8W06u7ZFCUC6Tl5rSTf1ISRIQT20eV99LvWys.jpg',NULL,NULL,'2023-06-21 02:39:43','2023-06-21 02:39:43'),(92,'jnm6j0psqkpvJoFpV7mpUIKIB4ddCxJJ0YWAL4Gg.jpg',NULL,NULL,'2023-06-21 02:40:27','2023-06-21 02:40:27'),(93,'MPUZGtoI8vNa42TOiCbYnzyIsjbtA0WjhTBcL6v7.jpg',NULL,NULL,'2023-06-21 02:40:40','2023-06-21 02:40:40'),(94,'clU1V9LWxTArJQSflRhd1P77F7QbVS1YpAkAw7Mu.jpg',NULL,NULL,'2023-06-21 02:42:45','2023-06-21 02:42:45'),(95,'hmEu4Me3p6NapXP9zVCZjVrxBqZHXU3TqD8RwYxc.jpg',NULL,NULL,'2023-06-21 02:43:38','2023-06-21 02:43:38'),(96,'Asq2si5sVxBgSHoI6RYu3OXSrlZfB6xU9DXhkYBc.jpg',NULL,NULL,'2023-06-21 02:44:53','2023-06-21 02:44:53'),(97,'U5PbsIDHIflHGONNjKsjbFyecmu54dQDXi0AuUX7.jpg',NULL,NULL,'2023-06-21 02:49:34','2023-06-21 02:49:34'),(98,'LLVP62vDHICq5pIDm5rBfyabEePPjuDBPUGuqOsh.jpg',NULL,NULL,'2023-06-21 02:53:45','2023-06-21 02:53:45'),(99,'y7k8vhpQQnmCTElsBefkyRIzP4lfel3x4FkEfnnb.jpg',NULL,NULL,'2023-06-21 02:54:03','2023-06-21 02:54:03'),(100,'mtkonQff0e9c1RG15uizJF7FR3Lin79zWQ8Gw6Mj.jpg',NULL,NULL,'2023-06-21 02:54:44','2023-06-21 02:54:44'),(101,'OTrMiDjRHBvtm3NClZtT4WirzMwTRrxPlbcET2xt.jpg',NULL,NULL,'2023-06-21 02:55:34','2023-06-21 02:55:34'),(102,'pp1rZQvG4ncTWuNcAqgZRvQ1PAUVvd2RY7CWS4pZ.jpg',NULL,NULL,'2023-06-21 02:55:59','2023-06-21 02:55:59'),(103,'1khj3RIp5Sp0xET8dCcViAAa5FdgrhiqjTbRjPKT.jpg',NULL,NULL,'2023-06-21 02:56:05','2023-06-21 02:56:05'),(180,'GEMn53YFcDKKF98GbJYUrag9Px5xI6GNhp23p7gY.png',NULL,NULL,'2023-07-22 04:31:45','2023-07-22 04:31:45'),(181,'cl8cOJgpJtzbLcisJnIn1OHPPrbZzfRTOqXkirBa.jpg',NULL,NULL,'2023-07-22 04:33:03','2023-07-22 04:33:03'),(182,'sJl47ir5rQ44S3rNi5iR5nKhvlFVSXF69jK0KQ1k.jpg',NULL,NULL,'2023-07-22 04:50:42','2023-07-22 04:50:42'),(184,'eWlCHHq8hvsxnLey0RV7mDe6en0ujrheZFsaUdg9.jpg',NULL,NULL,'2023-07-22 05:07:25','2023-07-22 05:07:25'),(185,'F4dpGzWhS89txAi9oFlt5Pwyds2hnfxGxmuCNvYK.jpg',NULL,NULL,'2023-08-01 03:15:04','2023-08-01 03:15:04'),(186,'ZgQqF3YoIVpnA38jdVlbrR6JIaIwn6ACmQkzL5mg.jpg',NULL,NULL,'2023-08-06 00:28:10','2023-08-06 00:28:10'),(187,'ZXynSKYw0jp7QCEEDOM0oZM9d6RByHOKo78H0Vs7.jpg',NULL,NULL,'2023-08-17 09:05:55','2023-08-17 09:05:55'),(188,'AjY6VhNhQNmdFyhDvXQPm1yifuIqoWHu5D21wHg4.jpg',NULL,NULL,'2023-08-20 12:03:03','2023-08-20 12:03:03');
/*!40000 ALTER TABLE `images` ENABLE KEYS */;
UNLOCK TABLES;

--
-- Table structure for table `user_assets`
--

DROP TABLE IF EXISTS `user_assets`;
/*!40101 SET @saved_cs_client     = @@character_set_client */;
/*!50503 SET character_set_client = utf8mb4 */;
CREATE TABLE `user_assets` (
  `id` int unsigned NOT NULL AUTO_INCREMENT,
  `user_id` int unsigned NOT NULL,
  `asset_id` int unsigned NOT NULL,
  `status` enum('INIT','CONFIRM','PENDING','REJECT') NOT NULL,
  `created_at` timestamp NOT NULL DEFAULT CURRENT_TIMESTAMP,
  `updated_at` timestamp NOT NULL DEFAULT CURRENT_TIMESTAMP,
  `pic` varchar(250) DEFAULT NULL,
  `title` varchar(1000) NOT NULL,
  `err_text` longtext,
  `ticket_id` int unsigned DEFAULT NULL,
  `place_id` varchar(200) DEFAULT NULL,
  PRIMARY KEY (`id`),
  KEY `user_id` (`user_id`),
  KEY `asset_id` (`asset_id`)
) ENGINE=InnoDB AUTO_INCREMENT=130 DEFAULT CHARSET=utf8mb3;
/*!40101 SET character_set_client = @saved_cs_client */;

--
-- Dumping data for table `user_assets`
--

LOCK TABLES `user_assets` WRITE;
/*!40000 ALTER TABLE `user_assets` DISABLE KEYS */;
INSERT INTO `user_assets` VALUES (129,1315,1,'CONFIRM','2023-08-20 11:53:10','2023-08-20 12:22:32','yt18GnNlyHpuJiFZQnzSXjOwJF8OmElwbmQNwVtS.jpg','تست جدید بوم گردی با ویژگی',NULL,11,'64e2058714da577de3c904d0');
/*!40000 ALTER TABLE `user_assets` ENABLE KEYS */;
UNLOCK TABLES;

--
-- Table structure for table `user_forms_data`
--

DROP TABLE IF EXISTS `user_forms_data`;
/*!40101 SET @saved_cs_client     = @@character_set_client */;
/*!50503 SET character_set_client = utf8mb4 */;
CREATE TABLE `user_forms_data` (
  `id` int unsigned NOT NULL AUTO_INCREMENT,
  `user_id` int unsigned NOT NULL,
  `field_id` int unsigned NOT NULL,
  `data` longtext NOT NULL,
  `created_at` timestamp NOT NULL DEFAULT CURRENT_TIMESTAMP,
  `updated_at` timestamp NOT NULL DEFAULT CURRENT_TIMESTAMP,
  `user_asset_id` int unsigned NOT NULL,
  `is_sub_asset` tinyint(1) NOT NULL DEFAULT '0',
  `status` enum('PENDING','CONFIRM','REJECT') NOT NULL DEFAULT 'PENDING',
  `err_text` longtext,
  PRIMARY KEY (`id`),
  KEY `user_id` (`user_id`),
  KEY `form_id` (`field_id`),
  KEY `user_asset_id` (`user_asset_id`)
) ENGINE=InnoDB AUTO_INCREMENT=693 DEFAULT CHARSET=utf8mb3;
/*!40101 SET character_set_client = @saved_cs_client */;

--
-- Dumping data for table `user_forms_data`
--

LOCK TABLES `user_forms_data` WRITE;
/*!40000 ALTER TABLE `user_forms_data` DISABLE KEYS */;
INSERT INTO `user_forms_data` VALUES (124,10,1,'دیدی','2020-11-24 11:00:01','2020-11-24 11:00:01',75,0,'PENDING',NULL),(125,10,2,'ویوید','2020-11-24 11:00:01','2020-11-24 11:00:01',75,0,'PENDING',NULL),(126,10,3,'1399/09/16','2020-11-24 11:00:01','2020-11-24 11:00:01',75,0,'PENDING',NULL),(127,10,30,'آقا','2020-11-24 11:00:01','2020-11-24 11:00:01',75,0,'PENDING',NULL),(128,10,31,'09214915905','2020-11-24 11:00:02','2020-11-24 11:00:02',75,0,'PENDING',NULL),(129,10,32,'0018914373','2020-11-24 11:00:02','2020-11-24 11:00:02',75,0,'PENDING',NULL),(130,10,34,'افا','2020-11-24 11:00:29','2020-11-24 11:00:29',75,0,'PENDING',NULL),(131,10,35,'ویویوی\nویوی','2020-11-24 11:00:29','2020-11-24 11:00:29',75,0,'PENDING',NULL),(132,10,45,'ایزدشهر در مازندران','2020-11-24 11:00:29','2020-11-24 11:00:29',75,0,'PENDING',NULL),(133,10,144,'35.759068_51.407604','2020-11-24 11:00:30','2020-11-24 11:00:30',75,0,'PENDING',NULL),(134,10,366,'22743823','2020-11-24 11:00:30','2020-11-24 11:00:30',75,0,'PENDING',NULL),(135,10,7,'10:34','2020-11-24 11:00:52','2020-11-24 11:00:52',75,0,'PENDING',NULL),(136,10,8,'12:34','2020-11-24 11:00:52','2020-11-24 11:00:52',75,0,'PENDING',NULL),(137,10,40,'8','2020-11-24 11:00:52','2020-11-24 11:00:52',75,0,'PENDING',NULL),(138,10,41,'9','2020-11-24 11:00:52','2020-11-24 11:00:52',75,0,'PENDING',NULL),(139,10,42,'848','2020-11-24 11:00:53','2020-11-24 11:00:53',75,0,'PENDING',NULL),(140,10,43,'_ویژگی شماره یک__ویژگی شماره سه_','2020-11-24 11:00:54','2020-11-24 11:00:54',75,0,'PENDING',NULL),(141,10,44,'ویژگی شماره دو','2020-11-24 11:00:55','2020-11-24 11:00:55',75,0,'PENDING',NULL),(142,12,1,'بابللیی','2020-11-24 12:12:06','2020-11-24 12:12:06',76,0,'PENDING',NULL),(143,12,2,'لبسسسلبیس','2020-11-24 12:12:07','2020-11-24 12:12:07',76,0,'PENDING',NULL),(144,12,3,'1366/09/23','2020-11-24 12:12:10','2020-11-24 12:12:10',76,0,'PENDING',NULL),(145,12,30,'خانم','2020-11-24 12:12:13','2020-11-24 12:12:13',76,0,'PENDING',NULL),(146,12,31,'09123840843','2020-11-24 12:12:16','2020-11-24 12:12:16',76,0,'PENDING',NULL),(147,12,32,'0080202756','2020-11-24 12:12:16','2020-11-24 12:12:16',76,0,'PENDING',NULL),(148,12,34,'دلبببققب','2020-11-24 12:20:39','2020-11-24 12:20:39',76,0,'PENDING',NULL),(149,12,35,'ذببنبحرحی\nبنبنقنققنب\nلببببق','2020-11-24 12:20:40','2020-11-24 12:20:40',76,0,'PENDING',NULL),(150,12,45,'یزد در یزد','2020-11-24 12:20:41','2020-11-24 12:20:41',76,0,'PENDING',NULL),(151,12,144,'35.7985821871943_51.36160670476812','2020-11-24 12:20:42','2020-11-24 12:20:42',76,0,'PENDING',NULL),(152,12,366,'02188766380_02188531529','2020-11-24 12:20:43','2020-11-24 12:20:43',76,0,'PENDING',NULL),(153,12,377,'sina.adeli.k@gmail.com','2020-11-24 12:20:44','2020-11-24 12:20:44',76,0,'PENDING',NULL),(154,12,388,'www.google.com','2020-11-24 12:20:46','2020-11-24 12:20:46',76,0,'PENDING',NULL),(155,12,399,'sdfg','2020-11-24 12:20:47','2020-11-24 12:20:47',76,0,'PENDING',NULL),(156,12,40,'2','2020-11-24 12:21:31','2020-11-24 12:21:31',76,0,'PENDING',NULL),(157,12,41,'2','2020-11-24 12:21:33','2020-11-24 12:21:33',76,0,'PENDING',NULL),(158,12,42,'4000','2020-11-24 12:21:34','2020-11-24 12:21:34',76,0,'PENDING',NULL),(159,12,43,'_ویژگی شماره دو__ویژگی شماره چهار_','2020-11-24 12:21:35','2020-11-24 12:21:35',76,0,'PENDING',NULL),(160,12,44,'ویژگی شماره پنج','2020-11-24 12:21:36','2020-11-24 12:21:36',76,0,'PENDING',NULL),(161,12,7,'22:22','2020-11-24 12:21:53','2020-11-24 12:21:53',76,0,'PENDING',NULL),(162,12,8,'02:22','2020-11-24 12:21:54','2020-11-24 12:21:54',76,0,'PENDING',NULL),(165,13,1,'صورح','2020-11-24 14:49:05','2020-11-24 14:49:05',78,0,'PENDING',NULL),(166,13,2,'واحدزاده','2020-11-24 14:49:06','2020-11-24 14:49:06',78,0,'PENDING',NULL),(167,13,3,'1399/09/13','2020-11-24 14:49:06','2020-11-24 14:49:06',78,0,'PENDING',NULL),(168,13,30,'خانم','2020-11-24 14:49:06','2020-11-24 14:49:06',78,0,'PENDING',NULL),(169,13,31,'09124438120','2020-11-24 14:49:06','2020-11-24 14:49:06',78,0,'PENDING',NULL),(170,13,32,'0012455431','2020-11-24 14:49:06','2020-11-24 14:49:06',78,0,'PENDING',NULL),(171,13,34,'عباسی','2020-11-24 14:52:01','2020-11-24 14:52:01',78,0,'PENDING',NULL),(172,13,35,'تهران، میدان ونک، بزرگراه حقانی، مابین گاندی جنوبی و چهارراه جهان کودک، مرکز رشد دانشگاه علامه، پلاک 40 ، طبقه سوم شرقی','2020-11-24 14:52:01','2020-11-24 14:57:11',78,0,'PENDING',NULL),(173,13,45,'تهران در تهران','2020-11-24 14:52:01','2020-11-24 14:52:01',78,0,'PENDING',NULL),(174,13,144,'35.764663_51.4058606','2020-11-24 14:52:01','2020-11-24 14:52:01',78,0,'PENDING',NULL),(175,13,366,'02122332678','2020-11-24 14:52:02','2020-11-24 14:52:02',78,0,'PENDING',NULL),(176,13,40,'12','2020-11-24 14:52:50','2020-11-24 14:52:50',78,0,'PENDING',NULL),(177,13,41,'2','2020-11-24 14:52:50','2020-11-24 14:52:50',78,0,'PENDING',NULL),(178,13,42,'120','2020-11-24 14:52:50','2020-11-24 14:52:50',78,0,'PENDING',NULL),(179,13,43,'_ویژگی شماره یک_','2020-11-24 14:52:51','2020-11-24 14:52:51',78,0,'PENDING',NULL),(180,13,44,'ویژگی شماره سه','2020-11-24 14:52:52','2020-11-24 14:52:52',78,0,'PENDING',NULL),(181,13,7,'20:30','2020-11-24 14:53:39','2020-11-24 14:53:39',78,0,'PENDING',NULL),(182,13,8,'20:20','2020-11-24 14:57:25','2020-11-24 14:57:25',78,0,'PENDING',NULL),(214,24,1,'mmd','2023-06-12 00:47:04','2023-06-12 00:47:04',85,0,'PENDING',NULL),(237,24,4,'salam','2023-06-18 01:53:24','2023-06-18 01:53:24',85,0,'PENDING',NULL),(262,14,1,'mahdii','2023-07-15 05:03:48','2023-07-15 05:03:48',107,0,'PENDING',NULL),(263,14,2,'mahdavi','2023-07-15 05:03:48','2023-07-15 05:03:48',107,0,'PENDING',NULL),(264,14,3,'1374/04/05','2023-07-15 05:03:48','2023-07-15 05:03:48',107,0,'PENDING',NULL),(265,14,30,'آقا','2023-07-15 05:03:48','2023-07-15 05:03:48',107,0,'PENDING',NULL),(266,14,31,'09330014345','2023-07-15 05:03:48','2023-07-15 05:03:48',107,0,'PENDING',NULL),(267,14,32,'0441051502','2023-07-15 05:03:48','2023-07-15 05:03:48',107,0,'PENDING',NULL),(268,14,34,'madaxi','2023-07-15 05:04:34','2023-07-15 05:04:34',107,0,'PENDING',NULL),(269,14,35,'adfsad\'fjasdfj','2023-07-15 05:04:34','2023-07-15 05:04:34',107,0,'PENDING',NULL),(270,14,45,'اسلام اباد','2023-07-15 05:04:34','2023-07-15 05:04:34',107,0,'PENDING',NULL),(271,14,144,'35.69919842655595 51.40060081481897','2023-07-15 05:04:34','2023-07-15 05:04:34',107,0,'PENDING',NULL),(272,14,366,'22744130','2023-07-15 05:04:34','2023-07-15 05:04:34',107,0,'PENDING',NULL),(278,14,5,'mmdaghaa','2023-07-16 00:54:30','2023-07-16 00:54:30',110,0,'PENDING',NULL),(297,14,1,'سیشسیبسیب','2023-07-16 03:24:44','2023-07-16 03:24:44',110,0,'PENDING',NULL),(298,14,2,'ijadi','2023-07-16 03:24:44','2023-07-16 03:24:44',110,0,'PENDING',NULL),(299,14,3,'1356/04/13','2023-07-16 03:24:44','2023-07-16 03:24:44',110,0,'PENDING',NULL),(300,14,30,'آقا','2023-07-16 03:24:44','2023-07-16 03:24:44',110,0,'PENDING',NULL),(301,14,31,'09330014345','2023-07-16 03:24:44','2023-07-16 03:24:44',110,0,'PENDING',NULL),(302,14,32,'0441051502','2023-07-16 03:24:44','2023-07-16 03:24:44',110,0,'PENDING',NULL),(380,14,1,'سینا','2023-07-18 00:49:19','2023-07-18 00:49:19',116,0,'PENDING',NULL),(381,14,2,'ایجادی','2023-07-18 00:49:19','2023-07-18 00:49:19',116,0,'PENDING',NULL),(382,14,3,'1381/05/05','2023-07-18 00:49:19','2023-07-18 00:49:19',116,0,'PENDING',NULL),(383,14,30,'آقا','2023-07-18 00:49:19','2023-07-18 00:49:19',116,0,'PENDING',NULL),(384,14,31,'09330014345','2023-07-18 00:49:19','2023-07-18 00:49:19',116,0,'PENDING',NULL),(385,14,32,'0441051502','2023-07-18 00:49:19','2023-07-18 00:49:19',116,0,'PENDING',NULL),(386,14,34,'حسن رشتیی','2023-07-18 00:50:43','2023-07-19 04:54:14',116,0,'PENDING',NULL),(387,14,35,'مازندران قبل فرودگاه','2023-07-18 00:50:43','2023-07-19 06:42:04',116,0,'PENDING',NULL),(388,14,45,'اسلام اباد','2023-07-18 00:50:43','2023-07-18 00:50:43',116,0,'PENDING',NULL),(389,14,144,'35.69940753344852 51.40266075134281','2023-07-18 00:50:43','2023-07-18 00:50:43',116,0,'PENDING',NULL),(390,14,366,'22744130','2023-07-18 00:50:43','2023-07-19 06:42:04',116,0,'PENDING',NULL),(391,14,377,'sinaijadi@yahoo.comشش','2023-07-18 00:50:43','2023-07-19 04:54:14',116,0,'PENDING',NULL),(392,14,388,'www.gogole.comش','2023-07-18 00:50:43','2023-07-19 04:54:14',116,0,'PENDING',NULL),(393,14,399,'sina_ij','2023-07-18 00:50:43','2023-07-18 00:50:43',116,0,'PENDING',NULL),(394,14,7,'12:05','2023-07-18 00:51:54','2023-07-18 00:51:54',116,0,'PENDING',NULL),(395,14,8,'01:05','2023-07-18 00:51:54','2023-07-18 00:51:54',116,0,'PENDING',NULL),(396,14,40,'2','2023-07-18 00:51:54','2023-07-18 00:51:54',116,0,'PENDING',NULL),(397,14,41,'1','2023-07-18 00:51:54','2023-07-18 00:51:54',116,0,'PENDING',NULL),(398,14,42,'10','2023-07-18 00:51:54','2023-07-18 00:51:54',116,0,'PENDING',NULL),(399,14,44,'ویژگی شماره پنج','2023-07-18 00:51:54','2023-07-18 00:51:54',116,0,'PENDING',NULL),(400,14,43,'ویژگی شماره یک_ویژگی شماره دو','2023-07-18 00:51:54','2023-07-18 00:51:54',116,0,'PENDING',NULL),(409,14,402,'<p><mark class=\"pen-red\"><strong>aaaaa</strong></mark></p><figure class=\"table\"><table><tbody><tr><td>&nbsp;</td><td>&nbsp;</td><td>&nbsp;</td><td>&nbsp;</td><td>&nbsp;</td><td>&nbsp;</td></tr><tr><td>&nbsp;</td><td>&nbsp;</td><td>&nbsp;</td><td>&nbsp;</td><td>&nbsp;</td><td>&nbsp;</td></tr><tr><td>&nbsp;</td><td>&nbsp;</td><td>&nbsp;</td><td>&nbsp;</td><td>&nbsp;</td><td>&nbsp;</td></tr><tr><td>&nbsp;</td><td>&nbsp;</td><td>&nbsp;</td><td>&nbsp;</td><td>&nbsp;</td><td>&nbsp;</td></tr></tbody></table></figure><figure class=\"image\"><img src=\"https://boom.bogenstudio.com/storage/FHRrlD4W0ECPuQ8TDkZFpWKlLynoHJCLlTE7NdVa.png\"></figure>','2023-07-19 01:07:45','2023-07-19 05:06:06',116,0,'PENDING',NULL),(443,14,402,'','2023-07-19 06:46:26','2023-07-19 06:46:26',104,0,'PENDING',NULL),(495,14,1,'sina','2023-07-22 03:15:49','2023-07-22 03:15:49',119,0,'PENDING',NULL),(496,14,2,'ijadi','2023-07-22 03:15:49','2023-07-22 03:15:49',119,0,'PENDING',NULL),(497,14,3,'1381/05/05','2023-07-22 03:15:49','2023-07-22 03:15:49',119,0,'PENDING',NULL),(498,14,30,'آقا','2023-07-22 03:15:49','2023-07-22 03:15:49',119,0,'PENDING',NULL),(499,14,31,'09330014345','2023-07-22 03:15:49','2023-07-22 03:15:49',119,0,'PENDING',NULL),(500,14,32,'0441051502','2023-07-22 03:15:49','2023-07-22 03:15:49',119,0,'PENDING',NULL),(501,14,34,'sina','2023-07-22 03:16:24','2023-07-22 03:16:24',119,0,'PENDING',NULL),(502,14,35,'sedfasfsaf asdfsadfas asdfsadfsad asdf w','2023-07-22 03:16:24','2023-07-22 03:16:24',119,0,'PENDING',NULL),(503,14,45,'حسین‌آباد (کرند)','2023-07-22 03:16:24','2023-07-22 03:16:24',119,0,'PENDING',NULL),(504,14,144,'35.70059246214841 51.40077247619598','2023-07-22 03:16:24','2023-07-22 03:16:24',119,0,'PENDING',NULL),(505,14,366,'22744130','2023-07-22 03:16:24','2023-07-22 03:16:24',119,0,'PENDING',NULL),(506,14,377,'aaa','2023-07-22 03:16:24','2023-07-22 03:16:24',119,0,'PENDING',NULL),(507,14,388,'aaa','2023-07-22 03:16:24','2023-07-22 03:16:24',119,0,'PENDING',NULL),(508,14,399,'aaa','2023-07-22 03:16:24','2023-07-22 03:16:24',119,0,'PENDING',NULL),(509,14,7,'12:05','2023-07-22 03:16:59','2023-07-22 03:16:59',119,0,'PENDING',NULL),(510,14,8,'13:10','2023-07-22 03:16:59','2023-07-22 03:16:59',119,0,'PENDING',NULL),(511,14,40,'2','2023-07-22 03:16:59','2023-07-22 03:16:59',119,0,'PENDING',NULL),(512,14,41,'5','2023-07-22 03:16:59','2023-07-22 03:16:59',119,0,'PENDING',NULL),(513,14,42,'20','2023-07-22 03:16:59','2023-07-22 03:16:59',119,0,'PENDING',NULL),(514,14,44,'ویژگی شماره چهار','2023-07-22 03:16:59','2023-07-22 03:16:59',119,0,'PENDING',NULL),(515,14,43,'ویژگی شماره یک_ویژگی شماره دو','2023-07-22 03:16:59','2023-07-22 03:16:59',119,0,'PENDING',NULL),(516,14,402,'<p>asdadasd asd asd</p><figure class=\"table\"><table><tbody><tr><td>asdasd</td><td>&nbsp;</td><td>&nbsp;</td><td>&nbsp;</td><td>&nbsp;</td><td>&nbsp;</td><td>&nbsp;</td></tr><tr><td>&nbsp;</td><td>&nbsp;</td><td>&nbsp;</td><td>&nbsp;</td><td>&nbsp;</td><td>&nbsp;</td><td>&nbsp;</td></tr><tr><td>&nbsp;</td><td>asda</td><td>dasd</td><td>&nbsp;</td><td>&nbsp;</td><td>&nbsp;</td><td>&nbsp;</td></tr><tr><td>&nbsp;</td><td>&nbsp;</td><td>&nbsp;</td><td>asdas</td><td>&nbsp;</td><td>&nbsp;</td><td>&nbsp;</td></tr><tr><td>&nbsp;</td><td>&nbsp;</td><td>&nbsp;</td><td>&nbsp;</td><td>asd</td><td>asd</td><td>asd</td></tr></tbody></table></figure><figure class=\"image image_resized\" style=\"width:20.84%;\"><img src=\"https://boom.bogenstudio.com/storage/YbiXvhcTOcg3vBW5ca4i8Xh8o6GGttPyy0FJSIxr.jpg\"></figure>','2023-07-22 03:17:02','2023-07-22 03:19:43',119,0,'PENDING',NULL),(521,14,402,'<p>asdadassad asdassad</p><figure class=\"table\"><table><tbody><tr><td>&nbsp;</td><td>&nbsp;</td><td>&nbsp;</td><td>&nbsp;</td></tr><tr><td>&nbsp;</td><td>das</td><td>&nbsp;</td><td>&nbsp;</td></tr><tr><td>&nbsp;</td><td>&nbsp;</td><td>dasd</td><td>dsad</td></tr><tr><td>&nbsp;</td><td>asdda</td><td>&nbsp;</td><td>&nbsp;</td></tr><tr><td>&nbsp;</td><td>&nbsp;</td><td>sdasdas</td><td>&nbsp;</td></tr><tr><td>&nbsp;</td><td>sda</td><td>&nbsp;</td><td>&nbsp;</td></tr><tr><td>&nbsp;</td><td>&nbsp;</td><td>&nbsp;</td><td>asd</td></tr><tr><td>&nbsp;</td><td>&nbsp;</td><td>das</td><td>sadsad</td></tr><tr><td>&nbsp;</td><td>&nbsp;</td><td>&nbsp;</td><td>&nbsp;</td></tr><tr><td>&nbsp;</td><td>&nbsp;</td><td>&nbsp;</td><td>&nbsp;</td></tr></tbody></table></figure>','2023-07-22 03:58:57','2023-07-22 05:07:18',107,0,'PENDING',NULL),(522,14,13,'180','2023-07-22 04:31:45','2023-07-22 04:31:45',87,1,'PENDING',NULL),(523,14,4,'sina','2023-07-22 04:31:49','2023-07-22 04:31:49',87,1,'PENDING',NULL),(524,14,400,'asdasd','2023-07-22 04:31:49','2023-07-22 04:31:49',87,1,'PENDING',NULL),(525,14,401,'6','2023-07-22 04:31:49','2023-07-22 04:31:49',87,1,'PENDING',NULL),(526,14,13,'181','2023-07-22 04:33:03','2023-07-22 04:33:03',88,1,'PENDING',NULL),(527,14,4,'aaa','2023-07-22 04:33:11','2023-07-22 04:33:11',88,1,'PENDING',NULL),(528,14,400,'sadas','2023-07-22 04:33:11','2023-07-22 04:33:11',88,1,'PENDING',NULL),(529,14,401,'4','2023-07-22 04:33:11','2023-07-22 04:33:11',88,1,'PENDING',NULL),(530,14,13,'182','2023-07-22 04:50:42','2023-07-22 04:50:42',89,1,'PENDING',NULL),(531,14,4,'sina','2023-07-22 04:50:46','2023-07-22 04:50:46',89,1,'PENDING',NULL),(532,14,400,'dasda','2023-07-22 04:50:46','2023-07-22 04:50:46',89,1,'PENDING',NULL),(533,14,401,'1','2023-07-22 04:50:46','2023-07-22 04:50:46',89,1,'PENDING',NULL),(535,14,4,'asdasd','2023-07-22 04:51:21','2023-07-22 04:51:21',91,1,'PENDING',NULL),(536,14,400,'asdsadds','2023-07-22 04:51:21','2023-07-22 04:51:21',91,1,'PENDING',NULL),(537,14,401,'2','2023-07-22 04:51:21','2023-07-22 04:51:21',91,1,'PENDING',NULL),(538,14,402,'<p>asdasdsad</p>','2023-07-22 04:51:51','2023-07-22 04:52:03',110,0,'PENDING',NULL),(539,14,7,'01:05','2023-07-22 04:52:28','2023-07-22 04:52:28',110,0,'PENDING',NULL),(540,14,8,'13:05','2023-07-22 04:52:29','2023-07-22 04:52:29',110,0,'PENDING',NULL),(541,14,40,'2','2023-07-22 04:52:29','2023-07-22 04:52:29',110,0,'PENDING',NULL),(542,14,41,'2','2023-07-22 04:52:29','2023-07-22 04:52:29',110,0,'PENDING',NULL),(543,14,42,'22','2023-07-22 04:52:29','2023-07-22 04:52:29',110,0,'PENDING',NULL),(544,14,44,'ویژگی شماره چهار','2023-07-22 04:52:29','2023-07-22 04:52:29',110,0,'PENDING',NULL),(545,14,43,'ویژگی شماره یک_ویژگی شماره دو','2023-07-22 04:52:29','2023-07-22 04:52:29',110,0,'PENDING',NULL),(546,14,34,'asdads','2023-07-22 04:52:56','2023-07-22 04:52:56',110,0,'PENDING',NULL),(547,14,35,'asdasdas','2023-07-22 04:52:56','2023-07-22 04:52:56',110,0,'PENDING',NULL),(548,14,45,'تازه كند','2023-07-22 04:52:56','2023-07-22 04:52:56',110,0,'PENDING',NULL),(549,14,144,'35.70198647336848 51.4012874603269','2023-07-22 04:52:56','2023-07-22 04:52:56',110,0,'PENDING',NULL),(550,14,366,'22744130','2023-07-22 04:52:56','2023-07-22 04:52:56',110,0,'PENDING',NULL),(551,14,377,'شسیشسی','2023-07-22 04:52:56','2023-07-22 04:52:56',110,0,'PENDING',NULL),(552,14,388,'شسیشسی','2023-07-22 04:52:56','2023-07-22 04:52:56',110,0,'PENDING',NULL),(553,14,399,'شیسیشسی','2023-07-22 04:52:56','2023-07-22 04:52:56',110,0,'PENDING',NULL),(554,14,377,'asdasd','2023-07-22 05:06:52','2023-07-22 05:06:52',107,0,'PENDING',NULL),(555,14,388,'asdasd','2023-07-22 05:06:52','2023-07-22 05:06:52',107,0,'PENDING',NULL),(556,14,399,'asdsad','2023-07-22 05:06:52','2023-07-22 05:06:52',107,0,'PENDING',NULL),(557,14,7,'13:05','2023-07-22 05:07:06','2023-07-22 05:07:06',107,0,'PENDING',NULL),(558,14,8,'03:25','2023-07-22 05:07:06','2023-07-22 05:07:06',107,0,'PENDING',NULL),(559,14,40,'2','2023-07-22 05:07:06','2023-07-22 05:07:06',107,0,'PENDING',NULL),(560,14,41,'2','2023-07-22 05:07:06','2023-07-22 05:07:06',107,0,'PENDING',NULL),(561,14,42,'222','2023-07-22 05:07:06','2023-07-22 05:07:06',107,0,'PENDING',NULL),(562,14,44,'ویژگی شماره چهار','2023-07-22 05:07:06','2023-07-22 05:07:06',107,0,'PENDING',NULL),(563,14,43,'ویژگی شماره یک_ویژگی شماره سه','2023-07-22 05:07:06','2023-07-22 05:07:06',107,0,'PENDING',NULL),(564,14,13,'184','2023-07-22 05:07:25','2023-07-22 05:07:25',92,1,'PENDING',NULL),(565,14,4,'abas agha','2023-07-22 05:07:31','2023-07-22 05:07:31',92,1,'PENDING',NULL),(566,14,400,'asdasdsad','2023-07-22 05:07:31','2023-07-22 05:07:31',92,1,'PENDING',NULL),(567,14,401,'5','2023-07-22 05:07:31','2023-07-22 05:07:31',92,1,'PENDING',NULL),(568,25,1,'مهدی','2023-08-01 00:43:13','2023-08-01 00:43:13',120,0,'PENDING',NULL),(569,25,2,'سلیمانی','2023-08-01 00:43:13','2023-08-01 00:43:13',120,0,'PENDING',NULL),(570,25,3,'1381/05/05','2023-08-01 00:43:13','2023-08-01 00:43:13',120,0,'PENDING',NULL),(571,25,30,'آقا','2023-08-01 00:43:13','2023-08-01 00:43:13',120,0,'PENDING',NULL),(572,25,31,'09330014345','2023-08-01 00:43:13','2023-08-01 00:43:13',120,0,'PENDING',NULL),(573,25,32,'0441051502','2023-08-01 00:43:13','2023-08-01 00:43:13',120,0,'PENDING',NULL),(574,25,34,'مهدی آباد','2023-08-01 02:05:38','2023-08-01 02:05:38',120,0,'PENDING',NULL),(575,25,35,'نرسیده به مهدی دست راست مهدی بعد مهدی خود مهدی','2023-08-01 02:05:38','2023-08-01 02:05:38',120,0,'PENDING',NULL),(576,25,45,'اسلام اباد','2023-08-01 02:05:38','2023-08-01 02:05:38',120,0,'PENDING',NULL),(577,25,144,'35.70038335836328 51.40145912170391','2023-08-01 02:05:38','2023-08-01 02:05:38',120,0,'PENDING',NULL),(578,25,366,'22744130_22744131','2023-08-01 02:05:38','2023-08-01 02:05:38',120,0,'PENDING',NULL),(579,25,377,'sinaijadi8888@gmail.com','2023-08-01 02:05:38','2023-08-01 02:05:38',120,0,'PENDING',NULL),(580,25,388,'wwwwwww','2023-08-01 02:05:38','2023-08-01 02:05:38',120,0,'PENDING',NULL),(581,25,399,'sina_ij','2023-08-01 02:05:38','2023-08-01 02:05:38',120,0,'PENDING',NULL),(582,25,7,'12:00','2023-08-01 02:46:52','2023-08-01 02:46:52',120,0,'PENDING',NULL),(583,25,8,'04:20','2023-08-01 02:46:52','2023-08-01 02:46:52',120,0,'PENDING',NULL),(584,25,40,'3','2023-08-01 02:46:52','2023-08-01 02:46:52',120,0,'PENDING',NULL),(585,25,41,'3','2023-08-01 02:46:52','2023-08-01 02:46:52',120,0,'PENDING',NULL),(586,25,42,'33','2023-08-01 02:46:52','2023-08-01 02:46:52',120,0,'PENDING',NULL),(587,25,44,'ویژگی شماره پنج','2023-08-01 02:46:52','2023-08-01 02:46:52',120,0,'PENDING',NULL),(588,25,43,'ویژگی شماره یک_ویژگی شماره دو','2023-08-01 02:46:52','2023-08-01 02:46:52',120,0,'PENDING',NULL),(589,25,402,'<p>asasasad</p><figure class=\"image\"><img src=\"https://boom.bogenstudio.com/storage/Y97HZBiAzjAJH3SOL3zNDdh9gQqsILrJDu4AqGl9.jpg\"></figure>','2023-08-01 02:46:54','2023-08-01 03:14:54',120,0,'PENDING',NULL),(590,25,13,'185','2023-08-01 03:15:04','2023-08-01 03:15:04',93,1,'PENDING',NULL),(591,25,4,'aaaa','2023-08-01 03:15:23','2023-08-01 03:15:23',93,1,'PENDING',NULL),(592,25,400,'عالی نیست','2023-08-01 03:15:23','2023-08-01 03:15:23',93,1,'PENDING',NULL),(593,25,401,'2','2023-08-01 03:15:23','2023-08-01 03:15:23',93,1,'PENDING',NULL),(594,25,1,'sina','2023-08-06 00:23:57','2023-08-06 00:23:57',121,0,'PENDING',NULL),(595,25,2,'ijadi','2023-08-06 00:23:57','2023-08-06 00:23:57',121,0,'PENDING',NULL),(596,25,3,'1381/05/05','2023-08-06 00:23:57','2023-08-06 00:23:57',121,0,'PENDING',NULL),(597,25,30,'آقا','2023-08-06 00:23:57','2023-08-06 00:23:57',121,0,'PENDING',NULL),(598,25,31,'09330014345','2023-08-06 00:23:57','2023-08-06 00:23:57',121,0,'PENDING',NULL),(599,25,32,'0441051502','2023-08-06 00:23:57','2023-08-06 00:23:57',121,0,'PENDING',NULL),(600,25,34,'sina','2023-08-06 00:25:16','2023-08-06 00:25:16',121,0,'PENDING',NULL),(601,25,35,'سیناسیناسیناسیناسیناسیناسیناسیناسیناسیناسیناسیناسیناسیناسیناسیناسیناسیناسیناسینا','2023-08-06 00:25:16','2023-08-06 00:25:16',121,0,'PENDING',NULL),(602,25,45,'تهران','2023-08-06 00:25:16','2023-08-06 00:25:16',121,0,'PENDING',NULL),(603,25,144,'35.69961663979275 51.40197410583488','2023-08-06 00:25:16','2023-08-06 00:25:16',121,0,'PENDING',NULL),(604,25,366,'22744130_22744133','2023-08-06 00:25:16','2023-08-06 00:25:16',121,0,'PENDING',NULL),(605,25,377,'sinaijadi@gmail.com','2023-08-06 00:25:16','2023-08-06 00:25:16',121,0,'PENDING',NULL),(606,25,388,'www.google.com','2023-08-06 00:25:16','2023-08-06 00:25:16',121,0,'PENDING',NULL),(607,25,399,'sina','2023-08-06 00:25:16','2023-08-06 00:25:16',121,0,'PENDING',NULL),(608,25,7,'12:00','2023-08-06 00:25:44','2023-08-06 00:25:44',121,0,'PENDING',NULL),(609,25,8,'10:00','2023-08-06 00:25:44','2023-08-06 00:25:44',121,0,'PENDING',NULL),(610,25,40,'3','2023-08-06 00:25:44','2023-08-06 00:25:44',121,0,'PENDING',NULL),(611,25,41,'2','2023-08-06 00:25:44','2023-08-06 00:25:44',121,0,'PENDING',NULL),(612,25,42,'10','2023-08-06 00:25:44','2023-08-06 00:25:44',121,0,'PENDING',NULL),(613,25,44,'ویژگی شماره پنج','2023-08-06 00:25:44','2023-08-06 00:25:44',121,0,'PENDING',NULL),(614,25,43,'ویژگی شماره یک_ویژگی شماره دو','2023-08-06 00:25:44','2023-08-06 00:25:44',121,0,'PENDING',NULL),(615,25,402,'<p>سیناسیناسیناسیناسیناسیناسیناسیناسیناسیناسیناسینا</p><figure class=\"table\"><table><tbody><tr><td>سینا</td><td>سینا</td><td>سینا</td><td>سینا</td><td>&nbsp;</td><td>&nbsp;</td><td>&nbsp;</td><td>&nbsp;</td><td>&nbsp;</td><td>&nbsp;</td></tr><tr><td>&nbsp;</td><td>&nbsp;</td><td>&nbsp;</td><td>&nbsp;</td><td>&nbsp;</td><td>&nbsp;</td><td>&nbsp;</td><td>&nbsp;</td><td>&nbsp;</td><td>&nbsp;</td></tr><tr><td>&nbsp;</td><td>&nbsp;</td><td>&nbsp;</td><td>&nbsp;</td><td>&nbsp;</td><td>&nbsp;</td><td>سینا</td><td>&nbsp;</td><td>&nbsp;</td><td>&nbsp;</td></tr><tr><td>&nbsp;</td><td>&nbsp;</td><td>&nbsp;</td><td>&nbsp;</td><td>&nbsp;</td><td>&nbsp;</td><td>&nbsp;</td><td>سینا</td><td>سینا</td><td>سینا</td></tr></tbody></table></figure>','2023-08-06 00:25:44','2023-08-06 00:27:59',121,0,'PENDING',NULL),(616,25,13,'186','2023-08-06 00:28:10','2023-08-06 00:28:10',94,1,'PENDING',NULL),(617,25,4,'sina','2023-08-06 00:28:18','2023-08-06 00:28:18',94,1,'PENDING',NULL),(618,25,400,'سیناسیناسینا','2023-08-06 00:28:18','2023-08-06 00:28:18',94,1,'PENDING',NULL),(619,25,401,'3','2023-08-06 00:28:18','2023-08-06 00:28:18',94,1,'PENDING',NULL),(620,25,1,'sina','2023-08-06 00:31:36','2023-08-06 00:31:36',122,0,'PENDING',NULL),(621,25,2,'asdsad','2023-08-06 00:31:36','2023-08-06 00:31:36',122,0,'PENDING',NULL),(622,25,3,'1372/05/03','2023-08-06 00:31:36','2023-08-06 00:31:36',122,0,'PENDING',NULL),(623,25,30,'آقا','2023-08-06 00:31:36','2023-08-06 00:31:36',122,0,'PENDING',NULL),(624,25,31,'09330014345','2023-08-06 00:31:36','2023-08-06 00:31:36',122,0,'PENDING',NULL),(625,25,32,'0441051502','2023-08-06 00:31:36','2023-08-06 00:31:36',122,0,'PENDING',NULL),(626,1315,1,'تست','2023-08-17 09:03:54','2023-08-17 09:03:54',127,0,'CONFIRM',NULL),(627,1315,2,'تست','2023-08-17 09:03:54','2023-08-17 09:03:54',127,0,'CONFIRM',NULL),(628,1315,3,'1375/05/08','2023-08-17 09:03:54','2023-08-17 09:03:54',127,0,'CONFIRM',NULL),(629,1315,30,'آقا','2023-08-17 09:03:54','2023-08-17 09:03:54',127,0,'CONFIRM',NULL),(630,1315,31,'09121111222','2023-08-17 09:03:54','2023-08-17 09:03:54',127,0,'CONFIRM',NULL),(631,1315,32,'2759507963','2023-08-17 09:03:54','2023-08-17 09:03:54',127,0,'CONFIRM',NULL),(632,1315,34,'تست اقامتگاه','2023-08-17 09:05:02','2023-08-17 09:05:02',127,0,'CONFIRM',NULL),(633,1315,35,'تهران - دلخونگاه - پ ۳','2023-08-17 09:05:02','2023-08-17 09:05:02',127,0,'CONFIRM',NULL),(634,1315,45,'تهران$$تهران','2023-08-17 09:05:02','2023-08-17 09:05:02',127,0,'CONFIRM',NULL),(635,1315,144,'35.71829459671825 51.40841140741131','2023-08-17 09:05:02','2023-08-17 09:05:02',127,0,'CONFIRM',NULL),(636,1315,366,'22222222','2023-08-17 09:05:02','2023-08-17 09:05:02',127,0,'CONFIRM',NULL),(637,1315,388,'test.com','2023-08-17 09:05:02','2023-08-17 09:05:02',127,0,'CONFIRM',NULL),(638,1315,7,'14:30','2023-08-17 09:05:21','2023-08-17 09:05:21',127,0,'CONFIRM',NULL),(639,1315,8,'15:30','2023-08-17 09:05:21','2023-08-17 09:05:21',127,0,'CONFIRM',NULL),(640,1315,40,'3','2023-08-17 09:05:21','2023-08-17 09:05:21',127,0,'CONFIRM',NULL),(641,1315,41,'6','2023-08-17 09:05:21','2023-08-17 09:05:21',127,0,'CONFIRM',NULL),(642,1315,42,'100','2023-08-17 09:05:21','2023-08-17 09:05:21',127,0,'CONFIRM',NULL),(643,1315,44,'ویژگی شماره چهار','2023-08-17 09:05:21','2023-08-17 09:05:21',127,0,'CONFIRM',NULL),(644,1315,43,'ویژگی شماره یک_ویژگی شماره دو_ویژگی شماره چهار','2023-08-17 09:05:21','2023-08-17 09:05:21',127,0,'CONFIRM',NULL),(645,1315,402,'<p>این توضیح من درباره اقامتگاه است.</p><p>&nbsp;</p><p>&nbsp;</p><figure class=\"image\"><img src=\"https://business.bogenstudio.com/storage/ARI71l2FPnD7guRuTnuETOZgvs6vUeKdpkxD9Z6N.jpg\"></figure><p>خوب بود؟</p>','2023-08-17 09:05:22','2023-08-17 09:05:47',127,0,'CONFIRM',NULL),(646,1315,13,'187','2023-08-17 09:05:55','2023-08-17 09:05:55',95,1,'PENDING',NULL),(647,1315,4,'تست','2023-08-17 09:06:01','2023-08-17 09:06:01',95,1,'PENDING',NULL),(648,1315,400,'یصضیصض','2023-08-17 09:06:01','2023-08-17 09:06:01',95,1,'PENDING',NULL),(649,1315,401,'3','2023-08-17 09:06:01','2023-08-17 09:06:01',95,1,'PENDING',NULL),(650,1315,1,'سینا','2023-08-19 09:26:38','2023-08-19 09:26:38',128,0,'PENDING',NULL),(651,1315,2,'ایجادی','2023-08-19 09:26:38','2023-08-19 09:26:38',128,0,'PENDING',NULL),(652,1315,3,'1381/05/05','2023-08-19 09:26:38','2023-08-19 09:26:38',128,0,'PENDING',NULL),(653,1315,30,'آقا','2023-08-19 09:26:38','2023-08-19 09:26:38',128,0,'PENDING',NULL),(654,1315,31,'09330014345','2023-08-19 09:26:38','2023-08-19 09:26:38',128,0,'PENDING',NULL),(655,1315,32,'0441051502','2023-08-19 09:26:38','2023-08-19 09:26:38',128,0,'PENDING',NULL),(656,1315,1,'تست','2023-08-20 11:53:36','2023-08-20 11:53:36',129,0,'CONFIRM',NULL),(657,1315,2,'تست','2023-08-20 11:53:36','2023-08-20 11:53:36',129,0,'CONFIRM',NULL),(658,1315,3,'1373/05/10','2023-08-20 11:53:36','2023-08-20 11:53:36',129,0,'CONFIRM',NULL),(659,1315,30,'آقا','2023-08-20 11:53:36','2023-08-20 11:53:36',129,0,'CONFIRM',NULL),(660,1315,31,'09211111117','2023-08-20 11:53:36','2023-08-20 11:53:36',129,0,'CONFIRM',NULL),(661,1315,32,'0018914373','2023-08-20 11:53:37','2023-08-20 11:53:37',129,0,'CONFIRM',NULL),(662,1315,34,'تست من','2023-08-20 11:54:33','2023-08-20 11:54:33',129,0,'CONFIRM',NULL),(663,1315,35,'این آدرس تست است','2023-08-20 11:54:33','2023-08-20 11:54:33',129,0,'CONFIRM',NULL),(664,1315,45,'فارس$$شیراز','2023-08-20 11:54:33','2023-08-20 11:54:33',129,0,'CONFIRM',NULL),(665,1315,144,'35.71404365314861 51.389614486693574','2023-08-20 11:54:33','2023-08-20 11:54:33',129,0,'CONFIRM',NULL),(666,1315,366,'55555555','2023-08-20 11:54:34','2023-08-20 11:54:34',129,0,'CONFIRM',NULL),(667,1315,388,'www.site.com','2023-08-20 11:54:34','2023-08-20 11:54:34',129,0,'CONFIRM',NULL),(668,1315,7,'14:30','2023-08-20 12:02:23','2023-08-20 12:02:23',129,0,'CONFIRM',NULL),(669,1315,8,'21:30','2023-08-20 12:02:23','2023-08-20 12:02:23',129,0,'CONFIRM',NULL),(670,1315,40,'5','2023-08-20 12:02:23','2023-08-20 12:02:23',129,0,'CONFIRM',NULL),(671,1315,41,'4','2023-08-20 12:02:24','2023-08-20 12:02:24',129,0,'CONFIRM',NULL),(672,1315,42,'200','2023-08-20 12:02:24','2023-08-20 12:02:24',129,0,'CONFIRM',NULL),(673,1315,403,'روستا','2023-08-20 12:02:24','2023-08-20 12:02:24',129,0,'CONFIRM',NULL),(674,1315,404,'سنتی','2023-08-20 12:02:24','2023-08-20 12:02:24',129,0,'CONFIRM',NULL),(675,1315,405,'دارای سرایدار','2023-08-20 12:02:25','2023-08-20 12:02:25',129,0,'CONFIRM',NULL),(676,1315,413,'100','2023-08-20 12:02:25','2023-08-20 12:02:25',129,0,'CONFIRM',NULL),(677,1315,414,'200','2023-08-20 12:02:25','2023-08-20 12:02:25',129,0,'CONFIRM',NULL),(678,1315,419,'300','2023-08-20 12:02:25','2023-08-20 12:02:25',129,0,'CONFIRM',NULL),(679,1315,43,'سرد_معتدل','2023-08-20 12:02:25','2023-08-20 12:02:25',129,0,'CONFIRM',NULL),(680,1315,44,'دریاچه_جنگل_دشت','2023-08-20 12:02:25','2023-08-20 12:02:25',129,0,'CONFIRM',NULL),(681,1315,406,'پارکینگ_آب نما','2023-08-20 12:02:26','2023-08-20 12:02:26',129,0,'CONFIRM',NULL),(682,1315,407,'زمین بازی کودکان_ زمین والیبال_ میز بیلیارد','2023-08-20 12:02:26','2023-08-20 12:02:26',129,0,'CONFIRM',NULL),(683,1315,408,'اینترنت مجانی','2023-08-20 12:02:26','2023-08-20 12:02:26',129,0,'CONFIRM',NULL),(684,1315,409,'دارای پله','2023-08-20 12:02:26','2023-08-20 12:02:26',129,0,'CONFIRM',NULL),(685,1315,410,'سرویس فرنگی_ سرویس ایرانی','2023-08-20 12:02:26','2023-08-20 12:02:26',129,0,'CONFIRM',NULL),(686,1315,411,'کابینت_ تلویزیون_ سیستم\nگرمایش (کرسی، شوفاز، بخاری)_ سیستم سرمایشی(کولر آبی، کولر گازی ، پنکه) _\nصندلی_\nاتو،','2023-08-20 12:02:26','2023-08-20 12:02:26',129,0,'CONFIRM',NULL),(687,1315,412,'دخانیات','2023-08-20 12:02:26','2023-08-20 12:02:26',129,0,'CONFIRM',NULL),(688,1315,402,'<p>این توضیح اقامتگاه می باشد</p><p>&nbsp;</p><p>تست</p><p>&nbsp;</p><figure class=\"image\"><img src=\"http://myboom2.com/storage/n1uYjLKyV6wixVEqvyak7CvB8bSNRkAO98vC1Uah.jpg\"></figure><p>تست تصویر</p>','2023-08-20 12:02:28','2023-08-20 12:02:55',129,0,'CONFIRM',NULL),(689,1315,13,'188','2023-08-20 12:03:03','2023-08-20 12:03:03',96,1,'PENDING',NULL),(690,1315,4,'ggg','2023-08-20 12:03:09','2023-08-20 12:03:09',96,1,'PENDING',NULL),(691,1315,400,'dwqdwq','2023-08-20 12:03:09','2023-08-20 12:03:09',96,1,'PENDING',NULL),(692,1315,401,'4','2023-08-20 12:03:09','2023-08-20 12:03:09',96,1,'PENDING',NULL);
/*!40000 ALTER TABLE `user_forms_data` ENABLE KEYS */;
UNLOCK TABLES;

--
-- Table structure for table `user_sub_assets`
--

DROP TABLE IF EXISTS `user_sub_assets`;
/*!40101 SET @saved_cs_client     = @@character_set_client */;
/*!50503 SET character_set_client = utf8mb4 */;
CREATE TABLE `user_sub_assets` (
  `id` int unsigned NOT NULL AUTO_INCREMENT,
  `user_id` int unsigned NOT NULL,
  `asset_id` int unsigned NOT NULL,
  `created_at` timestamp NOT NULL DEFAULT CURRENT_TIMESTAMP,
  `updated_at` timestamp NOT NULL DEFAULT CURRENT_TIMESTAMP,
  `user_asset_id` int unsigned NOT NULL,
  `err_text` longtext,
  `status` enum('PENDING','CONFIRM','REJECT') NOT NULL DEFAULT 'PENDING',
  PRIMARY KEY (`id`),
  KEY `user_id` (`user_id`),
  KEY `asset_id` (`asset_id`),
  KEY `user_asset_id` (`user_asset_id`)
) ENGINE=InnoDB AUTO_INCREMENT=97 DEFAULT CHARSET=utf8mb3;
/*!40101 SET character_set_client = @saved_cs_client */;

--
-- Dumping data for table `user_sub_assets`
--

LOCK TABLES `user_sub_assets` WRITE;
/*!40000 ALTER TABLE `user_sub_assets` DISABLE KEYS */;
INSERT INTO `user_sub_assets` VALUES (87,14,3,'2023-07-22 04:31:45','2023-07-22 04:31:45',119,NULL,'PENDING'),(88,14,3,'2023-07-22 04:33:03','2023-07-22 04:33:03',119,NULL,'PENDING'),(89,14,3,'2023-07-22 04:50:42','2023-07-22 04:50:42',116,NULL,'PENDING'),(91,14,3,'2023-07-22 04:51:21','2023-07-22 04:51:21',110,NULL,'PENDING'),(92,14,3,'2023-07-22 05:07:24','2023-07-22 05:07:24',107,NULL,'PENDING'),(93,25,3,'2023-08-01 03:15:04','2023-08-01 03:15:04',120,NULL,'PENDING'),(94,25,3,'2023-08-06 00:28:10','2023-08-06 00:28:10',121,NULL,'PENDING'),(95,1315,3,'2023-08-17 09:05:55','2023-08-17 09:05:55',127,NULL,'PENDING'),(96,1315,3,'2023-08-20 12:03:03','2023-08-20 12:03:03',129,NULL,'PENDING');
/*!40000 ALTER TABLE `user_sub_assets` ENABLE KEYS */;
UNLOCK TABLES;
/*!40103 SET TIME_ZONE=@OLD_TIME_ZONE */;

/*!40101 SET SQL_MODE=@OLD_SQL_MODE */;
/*!40014 SET FOREIGN_KEY_CHECKS=@OLD_FOREIGN_KEY_CHECKS */;
/*!40014 SET UNIQUE_CHECKS=@OLD_UNIQUE_CHECKS */;
/*!40101 SET CHARACTER_SET_CLIENT=@OLD_CHARACTER_SET_CLIENT */;
/*!40101 SET CHARACTER_SET_RESULTS=@OLD_CHARACTER_SET_RESULTS */;
/*!40101 SET COLLATION_CONNECTION=@OLD_COLLATION_CONNECTION */;
/*!40111 SET SQL_NOTES=@OLD_SQL_NOTES */;

-- Dump completed on 2023-08-20 16:12:49
